"","compustats_tic","crsp_tic"
"1","AAL","AMR"
"2","ABT","ABT"
"3","AMT.1","AMT"
"4","AMD","AMD"
"5","AET","AET"
"6","AHM.1","AHM"
"7","APD","APD"
"8","ACV.1","ACV"
"9","ABS.1","ABS"
"10","AL.1","AL"
"11","IKN","ASN"
"12","AAL.1","AAL"
"13","HON","ALD"
"14","AA.3","AA"
"15","AMX.2","AMX"
"16","HES","AHC"
"17","AMH.1","AMH"
"18","BEAM.2","AMB"
"19","ACY.1","ACY"
"20","AEP","AEP"
"21","AXP","AXP"
"22","AGC.1","AGC"
"23","AM.1","AGREA"
"24","WYE","AHP"
"25","AIT.1","AIT"
"26","AIG","AIG"
"27","ASC.1","ASC"
"28","T.2","T"
"29","AMP.2","AMP"
"30","AN.2","AN"
"31","ANDW","ANDW"
"32","BUD.2","BUD"
"33","AAPL","AAPL"
"34","ADM","ADM"
"35","CNP2","ALG"
"36","AS.","AS"
"37","3ACKH","ACK"
"38","AR.2","AR"
"39","ASH","ASH"
"40","ARC.3","ARC"
"41","ADSK","ACAD"
"42","ADP","AUD"
"43","AVY","AVY"
"44","AVP","AVP"
"45","BHI","BHI"
"46","BLL","BLL"
"47","BLY","BLY"
"48","CEG","BGE"
"49","ONE.1","ONE"
"50","BKB.2","BKB"
"51","BAC.Z.","BAC"
"52","BT.2","BT"
"53","BCR","BCR"
"54","BBI.2","BBI"
"55","BSET","BSET"
"56","6583B","BOL"
"57","BAX","BAX"
"58","BDX","BDX"
"59","VZ","BEL"
"60","BLS","BLS"
"61","BMS","BMS"
"62","BNL.1","BNL"
"63","3BHMSQ","BS"
"64","BEV","BEV"
"65","BDK","BDK"
"66","HRB","HRB"
"67","BA","BA"
"68","OMX","BCC"
"69","0141A","BN"
"70","BGG","BGG"
"71","BMY","BMY"
"72","BNSSA","BNS"
"73","BF.B","BF"
"74","CAL","BG"
"75","BFI.","BFI"
"76","BC","BC"
"77","BRK3","BNI"
"78","UIS","UIS"
"79","CBS.1","CBS"
"80","CI","CI"
"81","CNA","CNA"
"82","BFO.2","CPC"
"83","CSX","CSX"
"84","CPB","CPB"
"85","CCB.2","CCB"
"86","DUK8","CPL"
"87","BWY.1","CHH"
"88","CAT","CAT"
"89","CTX.2","CTX"
"90","CSR.1","CSR"
"91","CHA.3","CHA"
"92","CHRS.1","CHRS"
"93","CMB.1","CMB"
"94","JPM","CHL"
"95","CVX","CHV"
"96","C.3","C"
"97","CB.1","CB"
"98","MZIAQ","CMZ"
"99","CCTYQ","CC"
"100","3614B","CCI"
"101","CKL","CKL"
"102","CLX","CLX"
"103","EP2","CGP"
"104","KO","KO"
"105","CL","CL"
"106","NI2","CG"
"107","CMCSA","CMCSK"
"108","C","PA"
"109","UCM.2","CWE"
"110","THY","CMY"
"111","CPQ.2","CPQ"
"112","CA","CA"
"113","DXC","CSC"
"114","CAG","CAG"
"115","ED","ED"
"116","CNW","CNF"
"117","D2","CNG"
"118","CRR.3","CRR"
"119","CIC.3","CIC"
"120","4622B","CDA"
"121","CBE","CBE"
"122","TAP","ACCOB"
"123","GLW","GLW"
"124","CBL.1","CBL"
"125","CR","CR"
"126","CYR.1","CYR"
"127","CTCO.1","CTCO"
"128","CCK","CCK"
"129","CMI","CUM"
"130","DIGI.1","DIGI"
"131","DAN","DCN"
"132","DGN.","DGN"
"133","CTLE.","DPT"
"134","TGT","DH"
"135","DE","DE"
"136","DAL","DAL"
"137","DLX","DLX"
"138","MXS","MXS"
"139","DEC.1","DEC"
"140","DDS","DDS"
"141","DIS","DIS"
"142","D","D"
"143","RRD","DNY"
"144","DOV","DOV"
"145","DD","DOW"
"146","DJ","DJ"
"147","DI.","DI"
"148","DD.2","DD"
"149","DUK","DUK"
"150","DNB","DNB"
"151","PKI","EGG"
"152","ESY.1","ESY"
"153","EFU.1","EFU"
"154","KODK","EK"
"155","ECH.1","ECH"
"156","ECL","ECL"
"157","EMR","EMR"
"158","EC.2","EC"
"159","TXU2","ENS"
"160","NEU","EY"
"161","XOM","XON"
"162","FMC","FMC"
"163","NEE","FPL"
"164","FJCC","FJQ"
"165","FDX","FDX"
"166","FNMA","FNM"
"167","FBO","FBO"
"168","FNB.","FNB"
"169","FFB","FFB"
"170","I.1","I"
"171","CEM.2","FRM"
"172","WB.3","FTU"
"173","FBF","FNG"
"174","FLTWQ","FLE"
"175","FLMIQ","FLM"
"176","FLR","FLR"
"177","F","F"
"178","FWLT","FWC"
"179","GTE.1","GTE"
"180","TGNA","GCI"
"181","GPS","GPS"
"182","DNA","GNE"
"183","H.2","GCN"
"184","GD","GD"
"185","GE","GE"
"186","GIC.3","GRL"
"187","GIS","GIS"
"188","GM","GM"
"189","GRN.1","GRN"
"190","SPXC","GSX"
"191","GCO","GCO"
"192","GPC","GPC"
"193","GP.1","GP"
"194","GEB.1","GEB"
"195","GFS.A","GFS"
"196","G.1","GS"
"197","GDW","GDW"
"198","GR","GR"
"199","GT","GT"
"200","GRA","GRA"
"201","GWW","GWW"
"202","GAPTQ","GAP"
"203","GNN","GNN"
"204","GWF.","GWF"
"205","MGI","G"
"206","GQ.1","GQ"
"207","PCI.3","PCI"
"208","HAL","HAL"
"209","HDLM","HDL"
"210","HBJ","HBJ"
"211","JH","JH"
"212","LHX","HRS"
"213","SNC.1","SNC"
"214","HTMXQ","HMX"
"215","HAS","HAS"
"216","KHC","HNZ"
"217","HP","HP"
"218","HPC","HPC"
"219","HSY","HSY"
"220","HPQ","HWP"
"221","HLT","HLT"
"222","HIA.1","HIA"
"223","HD","HD"
"224","HM","HM"
"225","HON.Z","HON"
"226","HBC1","HI"
"227","CNP","HOU"
"228","PAS","WH"
"229","ITT","IIN"
"230","ITW","ITW"
"231","INCLF","N"
"232","IR","IR"
"233","RYI","IAD"
"234","INTC","INTC"
"235","FBNIQ","ISS"
"236","INGR.","INGR"
"237","IK","IK"
"238","IBM","IBM"
"239","IFF","IFF"
"240","NAV","NAV"
"241","MKG","IGL"
"242","IP","IP"
"243","ENRNQ","ENE"
"244","FJ","JR"
"245","JP.1","JP"
"246","JNJ","JNJ"
"247","JCI","JCI"
"248","JOSEA","JOS"
"249","SHLDQ","KM"
"250","K","K"
"251","KMG.1","KMG"
"252","KMB","KMB"
"253","KWP","KWP"
"254","KRI","KRI"
"255","KR","KR"
"256","ANV.1","TNV"
"257","LLY","LLY"
"258","LB","LTD"
"259","LINB","LINB"
"260","LNC","LNC"
"261","LIT.1","LIT"
"262","KATE","LIZC"
"263","LMT","LK"
"264","LCE","LCE"
"265","LDG","LDG"
"266","LOR.2","LOR"
"267","LOTS.","LOTS"
"268","LLX.","LLX"
"269","LPX","LPX"
"270","LOW","LOW"
"271","LUB","LUB"
"272","MAI.1","MAI"
"273","MCA.1","MCA"
"274","MCIC.","MCIC"
"275","MNR.1","MNR"
"276","MHC.1","MHC"
"277","HST","MHS"
"278","MMC","MMC"
"279","ML.3","ML"
"280","MAS","MAS"
"281","VAT","VAT"
"282","MAT","MAT"
"283","MAY.2","MA"
"284","MYG.1","MYG"
"285","MDR","MDR"
"286","MCD","MCD"
"287","MD.1","MD"
"288","SPGI","MHP"
"289","MCK","MCK"
"290","MEA.1","MEA"
"291","MDT","MDT"
"292","MEL.3","MEL"
"293","CVS","MES"
"294","MST.","MST"
"295","MRK","MRK"
"296","MDP","MDP"
"297","BAC2","MER"
"298","ETR","ETR"
"299","MIL.2","MIL"
"300","MMM","MMM"
"301","MOB.2","MOB"
"302","GWOW","MMO"
"303","PHA.1","MTC"
"304","MWI","MCL"
"305","JPM.Z","JPM"
"306","MSI","MOT"
"307","BAC","NCB"
"308","NCR","NCR"
"309","FCN.1","NBD"
"310","NL","NL"
"311","CUE.1","CUE"
"312","NEC","NEC"
"313","AVATQ","NII"
"314","THC","NME"
"315","NSM.2","NSM"
"316","NSI.1","NSI"
"317","NYT","NYT"
"318","NWL","NWL"
"319","NEM","NEM"
"320","NMK","NMK"
"321","GAS.2","GAS"
"322","NKE","NIKE"
"323","JWN","NOBE"
"324","NSC","NSC"
"325","NC","NC"
"326","XEL","NSP"
"327","NRTLQ","NT"
"328","NOC","NOC"
"329","NRT.3","NRT"
"330","WFC","NOB"
"331","NUE","NUE"
"332","NYN","NYN"
"333","OXY","OXY"
"334","CVGYQ","OG"
"335","FE","OEC"
"336","OKE","OKE"
"337","GOSHA","GOSHA"
"338","9975B","OM"
"339","OC","OCF"
"340","PNC","PNC"
"341","PPG","PPG"
"342","PCAR","PCAR"
"343","PCG","PCG"
"344","SRE","PET"
"345","PAC.2","PAC"
"346","MEC2","PPW"
"347","PLL.1","PLL"
"348","3PNAA.","PN"
"349","PEL.1","PEL"
"350","PH","PH"
"351","JCP","JCP"
"352","PZE.1","PZL"
"353","PGL.1","PGL"
"354","PEP","PEP"
"355","ABI.3","PKN"
"356","PFE","PFE"
"357","PD.1","PD"
"358","C2","SB"
"359","EXC","PE"
"360","MO","MO"
"361","PHL.1","PHL"
"362","COP","P"
"363","PBI","PBI"
"364","PDG","PDG"
"365","PRDCQ","PRD"
"366","PCH","PCH"
"367","PCLB.1","PCLB"
"368","PDQ.2","PDQ"
"369","PG","PG"
"370","CIN2","PIN"
"371","PEG","PEG"
"372","PHM","PHM"
"373","OAT.","OAT"
"374","RACM.CM","RAL"
"375","RYC.","RYC"
"376","RTN","RTN"
"377","RBK","RBK"
"378","RLM.1","RLM"
"379","RAD","RAD"
"380","CBB.1","ROAD"
"381","ROK","ROK"
"382","ROH","ROH"
"383","SKLNQ","REN"
"384","RDC","RDC"
"385","RDPL","RD"
"386","RBD","RBD"
"387","RML.1","RML"
"388","RYAN","RYAN"
"389","R","R"
"390","SAF.3","SAFC"
"391","SK.1","SK"
"392","STJ","STJM"
"393","SPC.2","STPL"
"394","SFX.2","SFX"
"395","HSH","SLE"
"396","SGP","SGP"
"397","SLB","SLB"
"398","SFA.1","SFA"
"399","SPP.3","SPP"
"400","VO.3","VO"
"401","SPW.2","SPW"
"402","S.1","S"
"403","7448B","SPC"
"404","SCI","SRV"
"405","SMS.2","SMED"
"406","SHW","SHW"
"407","3SHOY","SHN"
"408","SKY.1","SKY"
"409","SNA","SNA"
"410","SNT.1","SNT"
"411","EIX","SCE"
"412","SO","SO"
"413","T","SBC"
"414","CVN.3","SOV"
"415","SMI.1","SMI"
"416","SQD.1","SQD"
"417","SWK","SWK"
"418","STO.3","STO"
"419","SRR","SRR"
"420","SUN.1","SUN"
"421","STI","STI"
"422","SVU","SVU"
"423","SYN.1","SYN"
"424","SYY","SYY"
"425","TRW.1","TRW"
"426","TDM.","TDM"
"427","RSHCQ","TAN"
"428","TEK.1","TEK"
"429","TCOMA","TCOMA"
"430","ATI","TDY"
"431","TIN","TIN"
"432","TEN","TGT"
"433","TX.2","TX"
"434","TXN","TXN"
"435","0033A","TXU"
"436","TXT","TXT"
"437","TNB","TNB"
"438","TWX.1","TWX"
"439","TMC","TMC"
"440","TKR","TKR"
"441","TKA.","TKA"
"442","GL","TMK"
"443","1231B","TOY"
"444","TA.1","TA"
"445","TIC.1","TIC"
"446","TRCO","TRB"
"447","TYC","TYC"
"448","UAL","UAL"
"449","FG.1","FG"
"450","USG","USG"
"451","UN","UN"
"452","UCC.2","UCC"
"453","DOW2","UK"
"454","UNP","UNP"
"455","3UAIRQ","U"
"456","UH","UH"
"457","MROX.CM","X"
"458","UST.1","UST"
"459","UTX","UTX"
"460","S","UT"
"461","UCL","UCL"
"462","PNU.1","UPJ"
"463","USH.1","USH"
"464","VFC","VFC"
"465","WMT","WMT"
"466","WBA","WAG"
"467","WANG","WAN"
"468","WLA","WLA"
"469","WMX","WMX"
"470","WFC.Z","WFC"
"471","WEN.2","WEN"
"472","CBS.2","WX"
"473","WLBAQ","WMOR"
"474","MWV","W"
"475","WETT","WETT"
"476","WY","WY"
"477","WHR","WHR"
"478","WMB","WMB"
"479","WINN","WIN"
"480","FL","Z"
"481","WOR","WTHG"
"482","WWY","WWY"
"483","XRX","XRX"
"484","YRCW","YELL"
"485","TJX","TJX"
"486","ZE","ZE"
"487","ZRN","ZRN"
"488","CYM.1","CYM"
"489","ORCL","ORCL"
"490","KBH","KBH"
"491","JOY","HPH"
"492","PMI.2","PMI"
"493","ORX","ORX"
"494","MII.3","MII"
"495","Q.2","USW"
"496","PVN.2","CPH"
"497","ECO.2","ECO"
"498","NLC.2","NLC"
"499","CZR","PRI"
"500","CTB","CTB"
"501","3MRNKQ","MRN"
"502","MKG","IMA"
"503","5938B","BMET"
"504","PBY.1","PBY"
"505","EME","JWP"
"506","CVN.3","CVN"
"507","USBC.","USBC"
"508","NKE","NKE"
"509","CFL.1","CSFN"
"510","SFS.1","SFR"
"511","AZA.1","AZA"
"512","BV.2","BV"
"513","BOAT.","BOAT"
"514","KATE","LIZ"
"515","E.2","E"
"516","BRNO20","BRNO"
"517","MRO","MRO"
"518","PT.1","PT"
"519","MGI","DL"
"520","X","X"
"521","G.1","G"
"522","AEE","UEP"
"523","NOVL","NOVL"
"524","GLK.1","GLK"
"525","SPC.2","SPK"
"526","AMGN","AMGN"
"527","FMCC","FRE"
"528","BAC","NB"
"529","S","FON"
"530","AGN.2","AGN"
"531","KRB","KRB"
"532","FBF","FLT"
"533","SPC.2","SPC"
"534","4622B","CEN"
"535","USS.2","USS"
"536","WLBAQ","WCX"
"537","GIDL","GIDL"
"538","JAVA","SUNW"
"539","LIN","PX"
"540","IPG","IPG"
"541","GHC.1",""
"542","H.2","H"
"543","GHC.1","GHC"
"544","MCAWA","MCAWA"
"545","DWD","DWD"
"546","BCO","PCO"
"547","BCO","PZS"
"548","HCA","COL"
"549","RAL.","RAL"
"550","PHB.1","PHYB"
"551","WB.1","WB"
"552","GOLD","ABX"
"553","HST","HMT"
"554","BR.2","BR"
"555","MAR","MAR"
"556","COST","PCCW"
"557","CSCO","CSCO"
"558","CFL.1","CFL"
"559","C","TRV"
"560","EMN","EMN"
"561","KEY","SCY"
"562","UNM","UNM"
"563","MKG","MKG"
"564","KEY","KEY"
"565","USHC","USHC"
"566","ATI.1","PTW"
"567","WAI.1","WAI"
"568","ATI.1","ATI"
"569","CNP2","NAE"
"570","MSFT","MSFT"
"571","PVN.2","PVN"
"572","LUV","LUV"
"573","UNH","UNH"
"574","SIAL","SIAL"
"575","CBS","VIA"
"576","UCM.2","UCM"
"577","MU","MU"
"578","NCC","NCC"
"579","FDC","FDC"
"580","GLD.2","GLD"
"581","DUK6","CIN"
"582","AT.2","AT"
"583","SGICQ","SGI"
"584","GPU.","GPU"
"585","BSX","BSX"
"586","AMAT","AMAT"
"587","BK","BK"
"588","LI.3","LDW"
"589","LMT","LMT"
"590","THC","THC"
"591","CAR","CU"
"592","TEN","TEN"
"593","L","LTR"
"594","3FTLAQ","FTL"
"595","ETS","CS"
"596","DRI","DRI"
"597","HBC2","RNB"
"598","TLAB","TLAB"
"599","FCX","FCX"
"600","CZR","HET"
"601","ALL","ALL"
"602","WLL.1","WMTT"
"603","MS","MS"
"604","USB.1","FBS"
"605","CMA","CMA"
"606","M","FD"
"607","PPL","PPL"
"608","PHB.1","PHB"
"609","CBB.1","CBB"
"610","PNU.1","PNU"
"611","HUM","HUM"
"612","LSI.1","LSI"
"613","FCN.1","FCN"
"614","COMS","COMS"
"615","ITT.1","ITT"
"616","HIG","HIG"
"617","DTE","DTE"
"618","BCO","PZB"
"619","CSE.3","CSE"
"620","EIX","EIX"
"621","BAY.3","BAY"
"622","MCIP","WCOM"
"623","FITB","FITB"
"624","GIC.3","GIC"
"625","3CNCEQ1","GNT"
"626","EMC","EMC"
"627","JPM","CMB"
"628","AON","AOC"
"629","ADSK","ADSK"
"630","TUP","TUP"
"631","BMG.1","BMG"
"632","MTG","MTG"
"633","MGI","VVI"
"634","MAY.2","MAY"
"635","OC","OWC"
"636","SEG.2","SEG"
"637","ATI","ALT"
"638","HFS.","HFS"
"639","DELL","DELL"
"640","LU","LU"
"641","CVS","CVS"
"642","UPR.1","UPR"
"643","MBI","MBI"
"644","IMS","CZT"
"645","FRO.1","FRO"
"646","STJ","STJ"
"647","TMO","TMO"
"648","WLL.1","WLL"
"649","AZO","AZO"
"650","GDT","GDT"
"651","IKN","IKN"
"652","EHC","HRC"
"653","CNO","CNC"
"654","COST","COST"
"655","PTC","PMTC"
"656","ANV.1","ANV"
"657","CAH","CAH"
"658","ADBE","ADBE"
"659","SCHW","SCH"
"660","BEAM.2","FO"
"661","PVN","PVN"
"662","CFC.3","CCR"
"663","EFX","EFX"
"664","MS","MWD"
"665","WAMUQ","WAMU"
"666","APA","APA"
"667","GIC.3","NLV"
"668","SAI.1","SAI"
"669","OI","OI"
"670","APC","APC"
"671","PGR","PGR"
"672","IHRT","CCU"
"673","USB.1","USB"
"674","MIR.1","MIR"
"675","HBAN","HBAN"
"676","FJ","FJ"
"677","STT","STT"
"678","KLAC","KLAC"
"679","SMS.2","SMS"
"680","HBOC.1","HBOC"
"681","YUM","YUM"
"682","FE","FE"
"683","BBT","BBK"
"684","SNV","SNV"
"685","CAR","CD"
"686","OMC","OMC"
"687","CBS.2","CBS"
"688","CINF","CINF"
"689","BFO.2","BFO"
"690","NTRS","NTRS"
"691","AEE","AEE"
"692","SUB.2","SUB"
"693","BIG","CNS"
"694","LEHMQ","LEH"
"695","AM.1","AM"
"696","MTL.3","MTL"
"697","SEE","SEE"
"698","NXTL","NXTL"
"699","AFS","AFS"
"700","BEN","BEN"
"701","GTW","GTW"
"702","SRE","SRE"
"703","NAVI","SLM"
"704","BSC.1","BSC"
"705","ASND.1","ASND"
"706","COF","COF"
"707","UMG.Z","UMG"
"708","IMS","RX"
"709","DG","DG"
"710","FMY.1","FMY"
"711","WM","WMI"
"712","RF","RGBK"
"713","EDS.","EDS"
"714","PVT.","PVT"
"715","KSS","KSS"
"716","PAYX","PAYX"
"717","NGH.2","RN"
"718","UPC.","UPC"
"719","BMC","BMCS"
"720","AES","AES"
"721","HCR.1","HCR"
"722","PSFT.","PSFT"
"723","MZIAQ","MZ"
"724","C","CCI"
"725","SPXC","SPW"
"726","BAC","BAC"
"727","NCE.1","NCE"
"728","CCEP","CCE"
"729","SPLS","SPLS"
"730","DHR","DHR"
"731","WFC","WFC"
"732","SWY","SWY"
"733","C","C"
"734","USB","FSR"
"735","PZE.1","PZE"
"736","CCL","CCL"
"737","WAMUQ","WM"
"738","SLR","SLR"
"739","TWX","AOL"
"740","CPWR.1","CPWR"
"741","BBT","BBT"
"742","CNP","REI"
"743","SOTR","SOTR"
"744","ASO.1","ASO"
"745","CTL","CTL"
"746","TAP","RKY"
"747","KSU","KSU"
"748","CMS","CMS"
"749","ABI.3","PEB"
"750","AGN","WPI"
"751","AFL","AFL"
"752","CEG","CEG"
"753","PWJ.","PWJ"
"754","APTV","DPH"
"755","BBY","BBY"
"756","PGN3","FPC"
"757","JWN","JWN"
"758","NGH.2","NGH"
"759","VMC","VMC"
"760","ODP","ODP"
"761","WLP.1","WLP"
"762","NTAP","NTAP"
"763","ADCT.1","ADCT"
"764","AW","AW"
"765","QCOM","QCOM"
"766","LXK","LXK"
"767","COC1","COC"
"768","PNW","PNW"
"769","TOS.1","TOS"
"770","SXCL","ADPT"
"771","BBBY","BBBY"
"772","GLBC","GBLX"
"773","ADI","ADI"
"774","PKI","PKI"
"775","EP","EPG"
"776","LEG","LEG"
"777","TROW","TROW"
"778","CMVT","CMVT"
"779","FBF","FBF"
"780","MOLX","MOLX"
"781","OK.2","OK"
"782","ATI","ATI"
"783","TER","TER"
"784","XLNX","XLNX"
"785","0573B","QTRN"
"786","CTXS","CTXS"
"787","PTV","PTV"
"788","HON","HON"
"789","XOM","XOM"
"790","RIG","RIG"
"791","AABA","YHOO"
"792","BGEN","BGEN"
"793","TGT","TGT"
"794","HOG","HDI"
"795","YNR.1","YNR"
"796","CNXT.1","CNXT"
"797","LLTC","LLTC"
"798","VRTS.1","VRTS"
"799","TSG.2","TSG"
"800","PHA.1","PHA"
"801","WOR","WOR"
"802","ALTR.1","ALTR"
"803","SAPE","SAPE"
"804","SEBL","SEBL"
"805","RSHCQ","RSH"
"806","MXIM","MXIM"
"807","APCC.","APCC"
"808","HCA","HCA"
"809","A","A"
"810","TIF","TIF"
"811","NVLS.1","NVLS"
"812","CF.6","CF"
"813","MEDI","MEDI"
"814","SBUX","SBUX"
"815","SANM","SANM"
"816","MERQ","MERQ"
"817","BRCM","BRCM"
"818","CVG","CVG"
"819","VC","VC"
"820","VZ","VZ"
"821","CIT.1","CIT"
"822","VIAV","JDSU"
"823","Q.2","Q"
"824","PALM","PALM"
"825","JNS","SV"
"826","KSE","KSE"
"827","XEL","XEL"
"828","DVN","DVN"
"829","ITT","ITT"
"830","DYN","DYN"
"831","KG","KG"
"832","NBR","NBR"
"833","NI","NI"
"834","EXC","EXC"
"835","EOG","EOG"
"836","PWER","PWER"
"837","5933B","AV"
"838","MCO","MCO"
"839","RHI","RHI"
"840","CHIR.1","CHIR"
"841","FRX","FRX"
"842","HOT","HOT"
"843","ABI.3","ABI"
"844","BVSN","BVSN"
"845","8356B","CPN"
"846","GLBC","GX"
"847","AYE","AYE"
"848","ADP","ADP"
"849","DUK8","PGN"
"850","KMI","KMI"
"851","SYK","SYK"
"852","SBL.2","SBL"
"853","AMBC","ABK"
"854","VTSS","VTSS"
"855","INTU","INTU"
"856","QLGC","QLGC"
"857","AMCC","AMCC"
"858","MET","MET"
"859","JPM","JPM"
"860","NE","NE"
"861","JBL","JBL"
"862","CTAS","CTAS"
"863","USB","USB"
"864","5952B","UVN"
"865","FTR","CZN"
"866","CE.2","CEFT"
"867","FISV","FISV"
"868","BMC","BMC"
"869","GEN.3","MIR"
"870","BIG","BLI"
"871","MWW","TMPW"
"872","PBG","PBG"
"873","ZION","ZION"
"874","JHF","JHF"
"875","PMCS","PMCS"
"876","AWE.2","AWE"
"877","COL","COL"
"878","FDO","FDO"
"879","IGT.1","IGT"
"880","ETS","ETS"
"881","XL","XL"
"882","ABC","ABC"
"883","CIEN","CIEN"
"884","ZBH","ZMH"
"885","WB.3","WB"
"886","IMNX","IMNX"
"887","CVX","CVX"
"888","TE","TE"
"889","EOP","EOP"
"890","HMA","HMA"
"891","EQR","EQR"
"892","NVDA","NVDA"
"893","EP","EP"
"894","GENZ","GENZ"
"895","JNY","JNY"
"896","WAT","WAT"
"897","RATL","RATL"
"898","MWV","MWV"
"899","PCL","PCL"
"900","CB","ACE"
"901","MI.1","MI"
"902","WYE","WYE"
"903","TT.2","ASD"
"904","RF","RF"
"905","FHN","FTN"
"906","HPQ","HPQ"
"907","BJS.1","BJS"
"908","APOL","APOL"
"909","SPG","SPG"
"910","UPS","UPS"
"911","0139A","SDS"
"912","NFB","NFB"
"913","EA","ERTS"
"914","EBAY","EBAY"
"915","GS","GS"
"916","PRU","PRU"
"917","ANTM","ATH"
"918","PFG","PFG"
"919","TRV","TAP"
"920","RAI","RJR"
"921","MON","MON"
"922","COP","COP"
"923","CNP","CNP"
"924","CMCSA","CMCSA"
"925","CE.2","CE"
"926","CFC.3","CFC"
"927","DGX","DGX"
"928","JNS","JNS"
"929","AN","AN"
"930","MKC","MKC"
"931","EHC",""
"932","NLOK","SYMC"
"933","AIV","AIV"
"934","FII","FII"
"935","MWW","MNST"
"936","PLD","PLD"
"937","MHS","MHS"
"938","ESRX","ESRX"
"939","TWX","TWX"
"940","BIIB","BIIB"
"941","CMI","CMI"
"942","MTB","MTB"
"943","RRD","RRD"
"944","ACS","ACS"
"945","CMX.1","CMX"
"946","ETFC","ET"
"947","FHN","FHN"
"948","MYL","MYL"
"949","VLO","VLO"
"950","TRV","STA"
"951","HSP","HSP"
"952","STD2","SOV"
"953","GILD","GILD"
"954","FSH.2","FSH"
"955","RAI","RAI"
"956","TPR","COH"
"957","LH","LH"
"958","CIT","CIT"
"959","OMX","OMX"
"960","LLL","LLL"
"961","BX1","FSL"
"962","BBVA1","CBSS"
"963","ASN","ASN"
"964","TFCFA","NWS"
"965","XTO","XTO"
"966","ANTM","WLP"
"967","TAP","TAP"
"968","SHLDQ","SHLD"
"969","NOV","NOV"
"970","STZ","STZ"
"971","DHI","DHI"
"972","WFTIF","WFT"
"973","MUR","MUR"
"974","PSA","PSA"
"975","TSN","TSN"
"976","S","S"
"977","VNO","VNO"
"978","CVH","CVH"
"979","LEN","LEN"
"980","PDCO","PDCO"
"981","AMP","AMP"
"982","AMZN","AMZN"
"983","GNW","GNW"
"984","T","T"
"985","SCHW","SCHW"
"986","SSP","SSP"
"987","WFM","WFMI"
"988","EL","EL"
"989","HAR","HAR"
"990","CBS","CBS"
"991","VRSN","VRSN"
"992","VIAB","VIA"
"993","BRL","BRL"
"994","CHK","CHK"
"995","KIM","KIM"
"996","DF","DF"
"997","BXP","BXP"
"998","GOOGL","GOOG"
"999","LM","LM"
"1000","SNDK","SNDK"
"1001","HES","HES"
"1002","JNPR","JNPR"
"1003","EQ.2","EQ"
"1004","CBH.1","CBH"
"1005","CNX","CNX"
"1006","WINMQ","WIN"
"1007","BIG","BIG"
"1008","HOG","HOG"
"1009","CME","CME"
"1010","RLGY","H"
"1011","WYND","WYN"
"1012","SII","SII"
"1013","WU","WU"
"1014","STR","STR"
"1015","SAF.3","SAF"
"1016","DTV.2","DTV"
"1017","CELG","CELG"
"1018","IAC","IACI"
"1019","CTSH","CTSH"
"1020","BTU","BTU"
"1021","FIS","FIS"
"1022","CBRE","CBG"
"1023","VAL","ESV"
"1024","TEX","TEX"
"1025","ETFC","ETFC"
"1026","AVB","AVB"
"1027","RL","RL"
"1028","SE.7","SE"
"1029","VAR","VAR"
"1030","WEC3","TEG"
"1031","TRV","TRV"
"1032","CHRW","CHRW"
"1033","HCBK","HCBK"
"1034","HST","HST"
"1035","SITC","DDR"
"1036","ANF","ANF"
"1037","MDLZ","KFT"
"1038","AIZ","AIZ"
"1039","PCP","PCP"
"1040","SUNEQ","WFR"
"1041","M","M"
"1042","BPR","GGP"
"1043","ACAS","ACAS"
"1044","AKAM","AKAM"
"1045","COV","COV"
"1046","TEL","TEL"
"1047","DFS","DFS"
"1048","JEF","LUK"
"1049","JAVA","JAVA"
"1050","ANDV","TSO"
"1051","MCHP","MCHP"
"1052","EXPE","EXPE"
"1053","ICE","ICE"
"1054","EXPD","EXPD"
"1055","JEC","JEC"
"1056","NBL","NBL"
"1057","TIE","TIE"
"1058","NYX","NYX"
"1059","TDC","TDC"
"1060","TT.2","TT"
"1061","MTW","MTW"
"1062","POM","POM"
"1063","AMT","AMT"
"1064","RRC","RRC"
"1065","TSS","TSS"
"1066","GHC","WPO"
"1067","GME","GME"
"1068","CAM","CAM"
"1069","PEAK","HCP"
"1070","PM","PM"
"1071","ISRG","ISRG"
"1072","L","L"
"1073","SWN","SWN"
"1074","COG","COG"
"1075","AKS","AKS"
"1076","MEE","MEE"
"1077","LO","LO"
"1078","DVA","DVA"
"1079","FTR","FTR"
"1080","MA","MA"
"1081","SNI","SNI"
"1082","IVZ","IVZ"
"1083","CF","CF"
"1084","FLS","FLS"
"1085","FAST","FAST"
"1086","APH","APH"
"1087","PXD","PXD"
"1088","CRM","CRM"
"1089","WEC","WEC"
"1090","NDAQ","NDAQ"
"1091","DPS","DPS"
"1092","SJM","SJM"
"1093","XRAY","XRAY"
"1094","PBCT","PBCT"
"1095","CEPH","CEPH"
"1096","SRCL","SRCL"
"1097","MWW","MWW"
"1098","RSG","RSG"
"1099","LIFE.3","LIFE"
"1100","WYNN","WYNN"
"1101","EQT","EQT"
"1102","SCG","SCG"
"1103","TFCFA","NWSA"
"1104","MFE","MFE"
"1105","FLIR","FLIR"
"1106","WELL","HCN"
"1107","IRM","IRM"
"1108","HRL","HRL"
"1109","DO","DO"
"1110","VTR","VTR"
"1111","ES","NU"
"1112","DNR","DNR"
"1113","ORLY","ORLY"
"1114","TWC","TWC"
"1115","FTI.1","FTI"
"1116","ATGE","DV"
"1117","WDC","WDC"
"1118","PWR","PWR"
"1119","PCS","PCS"
"1120","RHT","RHT"
"1121","WM","WM"
"1122","ARG","ARG"
"1123","CFN","CFN"
"1124","FSLR","FSLR"
"1125","BKNG","PCLN"
"1126","CLF","CLF"
"1127","AON","AON"
"1128","ROST","ROST"
"1129","ROP","ROP"
"1130","LDOS","SAI"
"1131","V","V"
"1132","MJN","MJN"
"1133","NRG","NRG"
"1134","BRK.B","BRK"
"1135","URBN","URBN"
"1136","DISCA","DISCA"
"1137","CERN","CERN"
"1138","NEE","NEE"
"1139","KMX","KMX"
"1140","QEP","QEP"
"1141","ATUS","CVC"
"1142","NFX","NFX"
"1143","FFIV","FFIV"
"1144","NFLX","NFLX"
"1145","MSI","MSI"
"1146","MMI.3","MMI"
"1147","JOY","JOYG"
"1148","BLK","BLK"
"1149","EW","EW"
"1150","CMG","CMG"
"1151","WFM","WFM"
"1152","ANRZQ","ANR"
"1153","MPC",""
"1154","ACN","ACN"
"1155","MPC","MPC"
"1156","MOS","MOS"
"1157","BEAM.2","BEAM"
"1158","XYL","XYL"
"1159","SO7","GAS"
"1160","JOY","JOY"
"1161","EA","EA"
"1162","PRGO","PRGO"
"1163","BWA","BWA"
"1164","DLTR","DLTR"
"1165","VIAB","VIAB"
"1166","TRIP","TRIP"
"1167","WPX","WPX"
"1168","FOSL","FOSL"
"1169","CCI","CCI"
"1170","LRCX","LRCX"
"1171","ALXN","ALXN"
"1172","PSX","PSX"
"1173","HSH","HSH"
"1174","MNST","MNST"
"1175","STX","STX"
"1176","LYB","LYB"
"1177","PNR","PNR"
"1178","PETM","PETM"
"1179","KRFT","KRFT"
"1180","ADT.4","ADT"
"1181","MDLZ","MDLZ"
"1182","APTV","DLPH"
"1183","GRMN","GRMN"
"1184","ABBV","ABBV"
"1185","AGN","ACT"
"1186","PVH","PVH"
"1187","REGN","REGN"
"1188","SPGI","MHFI"
"1189","MAC","MAC"
"1190","ZTS","ZTS"
"1191","TFCFA","FOXA"
"1192","NWSA","NWSA"
"1193","NLSN","NLSN"
"1194","AME","AME"
"1195","VRTX","VRTX"
"1196","LDOS","LDOS"
"1197","GHC","GHC"
"1198","CPRI","KORS"
"1199","LB","LB"
"1200","MHK","MHK"
"1201","ADS","ADS"
"1202","FB","FB"
"1203","ALLE","ALLE"
"1204","TSCO","TSCO"
"1205","KDP","GMCR"
"1206","ESS","ESS"
"1207","GOOGL",""
"1208","UAA","UA"
"1209","NAVI","NAVI"
"1210","AVGO","AVGO"
"1211","MLM","MLM"
"1212","AMG","AMG"
"1213","XEC","XEC"
"1214","MNK","MNK"
"1215","UHS","UHS"
"1216","URI","URI"
"1217","LVLT","LVLT"
"1218","RCL","RCL"
"1219","WBA","WBA"
"1220","ANTM","ANTM"
"1221","ENDP","ENDP"
"1222","ES","ES"
"1223","AAL","AAL"
"1224","SWKS","SWKS"
"1225","HSIC","HSIC"
"1226","SLG","SLG"
"1227","EQIX","EQIX"
"1228","HBI","HBI"
"1229","O","O"
"1230","TGNA","TGNA"
"1231","JBHT","JBHT"
"1232","AGN","AGN"
"1233","WRK","RKT"
"1234","QRVO","QRVO"
"1235","ZBH","ZBH"
"1236","KHC","KHC"
"1237","SIG","SIG"
"1238","BXLT","BXLT"
"1239","CPGX","CPGX"
"1240","PYPL","PYPL"
"1241","WRK","WRK"
"1242","AAP","AAP"
"1243","ATVI","ATVI"
"1244","VRSK","VRSK"
"1245","SYF","SYF"
"1246","HPE","HPE"
"1247","CSRA","CSRA"
"1248","FCPT","FCPT"
"1249","ILMN","ILMN"
"1250","CHD","CHD"
"1251","WLTW","WSH"
"1252","FRT","FRT"
"1253","CFG","CFG"
"1254","CB","CB"
"1255","WLTW","WLTW"
"1256","EXR","EXR"
"1257","CXO","CXO"
"1258","AWK","AWK"
"1259","UDR","UDR"
"1260","FL","FL"
"1261","HOLX","HOLX"
"1262","CNC","CNC"
"1263","UAA",""
"1264","SPGI","SPGI"
"1265","GPN","GPN"
"1266","AYI","AYI"
"1267","ULTA","ULTA"
"1268","ALK","ALK"
"1269","AJG","AJG"
"1270","NGVT","NGVT"
"1271","TDG","TDG"
"1272","LKQ","LKQ"
"1273","DLR","DLR"
"1274","LNT","LNT"
"1275","ALB","ALB"
"1276","FBHS","FBHS"
"1277","FTV","FTV"
"1278","COO","COO"
"1279","COTY","COTY"
"1280","MTD","MTD"
"1281","CHTR","CHTR"
"1282","ADNT","ADNT"
"1283","AA","AA"
"1284","QCP","QCP"
"1285","ARNC","ARNC"
"1286","YUMC","YUMC"
"1287","LW","LW"
"1288","MAA","MAA"
"1289","EVHC","AMSG"
"1290","IDXX","IDXX"
"1291","EVHC","EVHC"
"1292","VREX","VREX"
"1293","FTI","FTI"
"1294","REG","REG"
"1295","INCY","INCY"
"1296","BIVV","BIVV"
"1297","CBOE","CBOE"
"1298","RJF","RJF"
"1299","IT","IT"
"1300","SNPS","SNPS"
"1301","DISH","DISH"
"1302","ARE","ARE"
"1303","DXC","DXC"
"1304","INFO","INFO"
"1305","CARS","CARS"
"1306","RE","RE"
"1307","AABA","AABA"
"1308","ANSS","ANSS"
"1309","ALGN","ALGN"
"1310","AOS","AOS"
"1311","DRE","DRE"
"1312","MGM","MGM"
"1313","RMD","RMD"
"1314","BKR","BHGE"
"1315","JBGS","JBGS"
"1316","PKG","PKG"
"1317","ANDV","ANDV"
"1318","IQV","Q"
"1319","BHF","BHF"
"1320","SBAC","SBAC"
"1321","DD","DWDP"
"1322","CDNS","CDNS"
"1323","NCLH","NCLH"
"1324","TPR","TPR"
"1325","IQV","IQV"
"1326","APTV","APTV"
"1327","HII","HII"
"1328","BKNG","BKNG"
"1329","SIVB","SIVB"
"1330","NKTR","NKTR"
"1331","TTWO","TTWO"
"1332","IPGP","IPGP"
"1333","MSCI","MSCI"
"1334","CBRE","CBRE"
"1335","EVRG","WR"
"1336","JEF","JEF"
"1337","ABMD","ABMD"
"1338","APY","APY"
"1339","HFC","HFC"
"1340","EVRG","EVRG"
"1341","TWTR","TWTR"
"1342","CPRT","CPRT"
"1343","PRSP","PRSP"
"1344","BR","BR"
"1345","FLT","FLT"
"1346","ANET","ANET"
"1347","ROL","ROL"
"1348","WCG","WCG"
"1349","LIN","LIN"
"1350","FTNT","FTNT"
"1351","JKHY","JKHY"
"1352","KEYS","KEYS"
"1353","FANG","FANG"
"1354","FRC","FRC"
"1355","CE","CE"
